row,col,latitude,longitude,mean_concentration,max_concentration,frequency_timesteps,percentile_95_concentration,hazard_quotient
5,22,-19.466020,-65.720770,0.000001,0.000001,1,0.000001,0.066667
5,23,-19.466020,-65.710770,0.000001,0.000001,1,0.000001,0.066667
5,24,-19.466020,-65.700770,0.000001,0.000001,2,0.000001,0.066667
5,25,-19.466020,-65.690770,0.000006,0.000010,2,0.000010,0.636667
5,26,-19.466020,-65.680770,0.000002,0.000002,2,0.000002,0.130000
5,27,-19.466020,-65.670770,0.000006,0.000010,2,0.000010,0.640000
5,28,-19.466020,-65.660770,0.000006,0.000010,2,0.000010,0.640000
5,29,-19.466020,-65.650770,0.000001,0.000001,1,0.000001,0.066667
6,22,-19.476020,-65.720770,0.000001,0.000001,1,0.000001,0.066667
6,23,-19.476020,-65.710770,0.000001,0.000001,1,0.000001,0.066667
6,24,-19.476020,-65.700770,0.000006,0.000010,2,0.000010,0.636667
6,25,-19.476020,-65.690770,0.000006,0.000011,2,0.000010,0.700000
6,26,-19.476020,-65.680770,0.000010,0.000011,2,0.000011,0.730000
6,27,-19.476020,-65.670770,0.000015,0.000020,2,0.000019,1.300000
6,28,-19.476020,-65.660770,0.000015,0.000020,2,0.000019,1.300000
6,29,-19.476020,-65.650770,0.000004,0.000010,3,0.000009,0.613333
6,30,-19.476020,-65.640770,0.000000,0.000000,1,0.000000,0.006667
6,31,-19.476020,-65.630770,0.000000,0.000000,1,0.000000,0.006667
6,32,-19.476020,-65.620770,0.000000,0.000000,1,0.000000,0.006667
7,21,-19.486020,-65.730770,0.000001,0.000001,2,0.000001,0.066667
7,22,-19.486020,-65.720770,0.000001,0.000001,2,0.000001,0.066667
7,23,-19.486020,-65.710770,0.000006,0.000011,2,0.000010,0.700000
7,24,-19.486020,-65.700770,0.000005,0.000012,3,0.000011,0.726667
7,25,-19.486020,-65.690770,0.000015,0.000021,2,0.000020,1.363333
7,26,-19.486020,-65.680770,0.000014,0.000030,3,0.000028,1.866667
7,27,-19.486020,-65.670770,0.000015,0.000021,2,0.000020,1.363333
7,28,-19.486020,-65.660770,0.000015,0.000020,2,0.000019,1.300000
7,29,-19.486020,-65.650770,0.000007,0.000011,3,0.000011,0.726667
7,30,-19.486020,-65.640770,0.000000,0.000000,1,0.000000,0.006667
7,31,-19.486020,-65.630770,0.000000,0.000000,1,0.000000,0.006667
7,32,-19.486020,-65.620770,0.000000,0.000000,1,0.000000,0.006667
8,20,-19.496020,-65.740770,0.000001,0.000001,1,0.000001,0.066667
8,21,-19.496020,-65.730770,0.000001,0.000001,2,0.000001,0.066667
8,22,-19.496020,-65.720770,0.000010,0.000011,2,0.000011,0.730000
8,23,-19.496020,-65.710770,0.000038,0.000102,3,0.000093,6.186666
8,24,-19.496020,-65.700770,0.000041,0.000111,3,0.000101,6.733334
8,25,-19.496020,-65.690770,0.000074,0.000120,3,0.000118,7.867267
8,26,-19.496020,-65.680770,0.000077,0.000120,3,0.000118,7.867267
8,27,-19.496020,-65.670770,0.000081,0.000210,4,0.000194,12.915667
8,28,-19.496020,-65.660770,0.000078,0.000200,4,0.000185,12.349099
8,29,-19.496020,-65.650770,0.000053,0.000110,4,0.000109,7.239100
8,30,-19.496020,-65.640770,0.000000,0.000000,4,0.000000,0.006667
8,31,-19.496020,-65.630770,0.000000,0.000000,4,0.000000,0.006667
8,32,-19.496020,-65.620770,0.000000,0.000000,2,0.000000,0.006667
9,19,-19.506020,-65.750770,0.000001,0.000001,1,0.000001,0.066667
9,20,-19.506020,-65.740770,0.000006,0.000010,2,0.000010,0.636667
9,21,-19.506020,-65.730770,0.000008,0.000011,3,0.000011,0.733333
9,22,-19.506020,-65.720770,0.000041,0.000102,3,0.000094,6.253333
9,23,-19.506020,-65.710770,0.000036,0.000111,4,0.000097,6.490000
9,24,-19.506020,-65.700770,0.000038,0.000120,4,0.000105,7.000566
9,25,-19.506020,-65.690770,0.000052,0.000120,5,0.000118,7.867200
9,26,-19.506020,-65.680770,0.000059,0.000210,6,0.000185,12.338333
9,27,-19.506020,-65.670770,0.000059,0.000210,6,0.000185,12.338333
9,28,-19.506020,-65.660770,0.000057,0.000201,6,0.000178,11.883501
9,29,-19.506020,-65.650770,0.000056,0.000111,4,0.000110,7.301000
9,30,-19.506020,-65.640770,0.000000,0.000001,4,0.000001,0.057667
9,31,-19.506020,-65.630770,0.000000,0.000001,4,0.000001,0.057667
9,32,-19.506020,-65.620770,0.000000,0.000001,4,0.000001,0.057667
10,17,-19.516020,-65.770770,0.000001,0.000001,1,0.000001,0.066667
10,18,-19.516020,-65.760770,0.000001,0.000001,1,0.000001,0.066667
10,19,-19.516020,-65.750770,0.000004,0.000010,3,0.000009,0.606667
10,20,-19.516020,-65.740770,0.000028,0.000101,4,0.000087,5.823333
10,21,-19.516020,-65.730770,0.000043,0.000111,5,0.000109,7.280000
10,22,-19.516020,-65.720770,0.000058,0.000111,4,0.000111,7.400000
10,23,-19.516020,-65.710770,0.000103,0.000210,5,0.000208,13.880134
10,24,-19.516020,-65.700770,0.000087,0.000210,5,0.000190,12.681867
10,25,-19.516020,-65.690770,0.000076,0.000300,6,0.000253,16.855000
10,26,-19.516020,-65.680770,0.000256,0.001101,6,0.000901,60.066669
10,27,-19.516020,-65.670770,0.000241,0.001101,6,0.000878,58.566669
10,28,-19.516020,-65.660770,0.000239,0.001100,6,0.000875,58.355003
10,29,-19.516020,-65.650770,0.000057,0.000120,6,0.000118,7.850000
10,30,-19.516020,-65.640770,0.000001,0.000001,4,0.000001,0.066667
10,31,-19.516020,-65.630770,0.000001,0.000001,4,0.000001,0.066667
10,32,-19.516020,-65.620770,0.000001,0.000001,4,0.000001,0.066667
11,13,-19.526020,-65.810770,0.000000,0.000000,1,0.000000,0.000667
11,14,-19.526020,-65.800770,0.000000,0.000000,1,0.000000,0.006667
11,15,-19.526020,-65.790770,0.000001,0.000001,2,0.000001,0.063667
11,16,-19.526020,-65.780770,0.000001,0.000001,2,0.000001,0.063667
11,17,-19.526020,-65.770770,0.000007,0.000010,3,0.000010,0.666667
11,18,-19.526020,-65.760770,0.000040,0.000100,3,0.000091,6.073333
11,19,-19.526020,-65.750770,0.000033,0.000110,4,0.000095,6.343333
11,20,-19.526020,-65.740770,0.000042,0.000120,6,0.000115,7.700000
11,21,-19.526020,-65.730770,0.000028,0.000120,10,0.000116,7.730000
11,22,-19.526020,-65.720770,0.000148,0.001110,10,0.000705,47.000313
11,23,-19.526020,-65.710770,0.000131,0.001110,12,0.000615,41.003956
11,24,-19.526020,-65.700770,0.000197,0.001110,10,0.000746,49.703011
11,25,-19.526020,-65.690770,0.000190,0.001110,10,0.000746,49.703377
11,26,-19.526020,-65.680770,0.000190,0.001110,11,0.000706,47.033665
11,27,-19.526020,-65.670770,0.000163,0.001110,10,0.000710,47.303677
11,28,-19.526020,-65.660770,0.000151,0.001101,10,0.000660,43.970013
11,29,-19.526020,-65.650770,0.000049,0.000210,10,0.000170,11.300001
11,30,-19.526020,-65.640770,0.000004,0.000010,5,0.000010,0.666667
11,31,-19.526020,-65.630770,0.000005,0.000010,4,0.000010,0.666667
11,32,-19.526020,-65.620770,0.000005,0.000010,4,0.000010,0.666667
12,13,-19.536020,-65.810770,0.000000,0.000000,1,0.000000,0.006667
12,14,-19.536020,-65.800770,0.000000,0.000000,1,0.000000,0.006667
12,15,-19.536020,-65.790770,0.000006,0.000010,2,0.000010,0.636667
12,16,-19.536020,-65.780770,0.000005,0.000010,2,0.000010,0.633667
12,17,-19.536020,-65.770770,0.000070,0.000101,3,0.000101,6.726666
12,18,-19.536020,-65.760770,0.000076,0.000101,4,0.000101,6.723333
12,19,-19.536020,-65.750770,0.000206,0.001011,6,0.000786,52.383335
12,20,-19.536020,-65.740770,0.000060,0.000210,9,0.000174,11.599999
12,21,-19.536020,-65.730770,0.000151,0.001110,11,0.000705,47.000332
12,22,-19.536020,-65.720770,0.000147,0.001200,12,0.000705,47.003956
12,23,-19.536020,-65.710770,0.000153,0.001110,13,0.000624,41.603981
12,24,-19.536020,-65.700770,0.000174,0.001200,13,0.000661,44.042641
12,25,-19.536020,-65.690770,0.000101,0.000301,13,0.000300,20.030666
12,26,-19.536020,-65.680770,0.000116,0.000310,13,0.000305,20.306667
12,27,-19.536020,-65.670770,0.000117,0.000301,12,0.000256,17.096664
12,28,-19.536020,-65.660770,0.000100,0.000201,12,0.000201,13.400001
12,29,-19.536020,-65.650770,0.000074,0.000210,12,0.000205,13.670001
12,30,-19.536020,-65.640770,0.000002,0.000010,11,0.000010,0.666667
12,31,-19.536020,-65.630770,0.000002,0.000010,11,0.000010,0.666667
12,32,-19.536020,-65.620770,0.000003,0.000010,7,0.000010,0.666667
13,10,-19.546020,-65.840770,0.000000,0.000000,1,0.000000,0.006667
13,11,-19.546020,-65.830770,0.000000,0.000000,1,0.000000,0.006667
13,12,-19.546020,-65.820770,0.000000,0.000000,1,0.000000,0.006667
13,13,-19.546020,-65.810770,0.000000,0.000001,4,0.000001,0.057667
13,14,-19.546020,-65.800770,0.000000,0.000001,5,0.000001,0.066667
13,15,-19.546020,-65.790770,0.000005,0.000010,14,0.000010,0.666667
13,16,-19.546020,-65.780770,0.000023,0.000101,16,0.000100,6.683333
13,17,-19.546020,-65.770770,0.000024,0.000111,16,0.000104,6.950000
13,18,-19.546020,-65.760770,0.000124,0.001020,15,0.000390,26.000011
13,19,-19.546020,-65.750770,0.000131,0.001110,15,0.000417,27.800011
13,20,-19.546020,-65.740770,0.000194,0.001200,16,0.001132,75.499992
13,21,-19.546020,-65.730770,0.000158,0.001200,14,0.000615,41.000397
13,22,-19.546020,-65.720770,0.000151,0.001110,16,0.000503,33.549999
13,23,-19.546020,-65.710770,0.000132,0.001110,19,0.000381,25.406021
13,24,-19.546020,-65.700770,0.000105,0.000301,18,0.000300,20.015667
13,25,-19.546020,-65.690770,0.000085,0.000301,19,0.000219,14.606669
13,26,-19.546020,-65.680770,0.000094,0.000301,17,0.000228,15.218666
13,27,-19.546020,-65.670770,0.000166,0.001102,14,0.000529,35.246632
13,28,-19.546020,-65.660770,0.000153,0.001101,13,0.000561,37.399979
13,29,-19.546020,-65.650770,0.000081,0.000210,12,0.000205,13.670001
13,30,-19.546020,-65.640770,0.000005,0.000010,11,0.000010,0.666667
13,31,-19.546020,-65.630770,0.000005,0.000010,11,0.000010,0.666667
13,32,-19.546020,-65.620770,0.000002,0.000010,11,0.000010,0.666667
14,9,-19.556020,-65.850770,0.000000,0.000000,1,0.000000,0.006667
14,10,-19.556020,-65.840770,0.000000,0.000000,1,0.000000,0.006667
14,11,-19.556020,-65.830770,0.000000,0.000000,1,0.000000,0.006667
14,12,-19.556020,-65.820770,0.000000,0.000000,2,0.000000,0.006667
14,13,-19.556020,-65.810770,0.000000,0.000001,8,0.000001,0.066667
14,14,-19.556020,-65.800770,0.000002,0.000010,9,0.000006,0.429333
14,15,-19.556020,-65.790770,0.000016,0.000101,17,0.000100,6.680000
14,16,-19.556020,-65.780770,0.000036,0.000102,21,0.000101,6.733334
14,17,-19.556020,-65.770770,0.000104,0.001011,18,0.000254,16.909977
14,18,-19.556020,-65.760770,0.000139,0.001200,15,0.000444,29.600012
14,19,-19.556020,-65.750770,0.000147,0.001200,17,0.000480,31.999989
14,20,-19.556020,-65.740770,0.000144,0.001201,18,0.000436,29.066645
14,21,-19.556020,-65.730770,0.000210,0.001110,18,0.001102,73.433334
14,22,-19.556020,-65.720770,0.000315,0.001200,18,0.001115,74.334328
14,23,-19.556020,-65.710770,0.000177,0.001101,21,0.001100,73.340004
14,24,-19.556020,-65.700770,0.000087,0.000310,20,0.000301,20.096666
14,25,-19.556020,-65.690770,0.000092,0.000310,20,0.000310,20.666668
14,26,-19.556020,-65.680770,0.000093,0.000310,19,0.000310,20.666668
14,27,-19.556020,-65.670770,0.000104,0.000310,16,0.000310,20.666668
14,28,-19.556020,-65.660770,0.000084,0.000210,14,0.000210,14.000000
14,29,-19.556020,-65.650770,0.000066,0.000210,14,0.000210,14.000000
14,30,-19.556020,-65.640770,0.000005,0.000010,11,0.000010,0.666667
14,31,-19.556020,-65.630770,0.000004,0.000010,11,0.000010,0.666667
14,32,-19.556020,-65.620770,0.000004,0.000010,11,0.000010,0.666667
15,7,-19.566020,-65.870770,0.000000,0.000000,2,0.000000,0.006667
15,8,-19.566020,-65.860770,0.000000,0.000000,2,0.000000,0.006667
15,9,-19.566020,-65.850770,0.000000,0.000000,5,0.000000,0.007333
15,10,-19.566020,-65.840770,0.000000,0.000001,6,0.000001,0.058333
15,11,-19.566020,-65.830770,0.000001,0.000001,7,0.000001,0.071533
15,12,-19.566020,-65.820770,0.000001,0.000011,15,0.000004,0.271333
15,13,-19.566020,-65.810770,0.000001,0.000011,41,0.000002,0.133333
15,14,-19.566020,-65.800770,0.000004,0.000011,52,0.000011,0.733333
15,15,-19.566020,-65.790770,0.000009,0.000110,56,0.000011,0.733333
15,16,-19.566020,-65.780770,0.000020,0.000111,61,0.000110,7.333333
15,17,-19.566020,-65.770770,0.000041,0.001020,50,0.000116,7.730000
15,18,-19.566020,-65.760770,0.000069,0.001110,51,0.000300,20.000334
15,19,-19.566020,-65.750770,0.000170,0.001200,47,0.001020,68.000000
15,20,-19.566020,-65.740770,0.000251,0.001200,30,0.001160,77.302994
15,21,-19.566020,-65.730770,0.000277,0.001200,24,0.001110,74.005661
15,22,-19.566020,-65.720770,0.000312,0.001201,19,0.001201,80.066666
15,23,-19.566020,-65.710770,0.000265,0.001210,21,0.001201,80.066666
15,24,-19.566020,-65.700770,0.000180,0.001210,21,0.001201,80.066666
15,25,-19.566020,-65.690770,0.000132,0.001120,19,0.000391,26.066687
15,26,-19.566020,-65.680770,0.000078,0.000310,19,0.000310,20.666668
15,27,-19.566020,-65.670770,0.000068,0.000220,17,0.000220,14.666667
15,28,-19.566020,-65.660770,0.000047,0.000210,15,0.000210,14.000000
15,29,-19.566020,-65.650770,0.000031,0.000120,16,0.000120,8.000001
15,30,-19.566020,-65.640770,0.000004,0.000010,14,0.000010,0.666667
15,31,-19.566020,-65.630770,0.000004,0.000010,12,0.000010,0.666667
15,32,-19.566020,-65.620770,0.000004,0.000010,12,0.000010,0.666667
16,7,-19.576020,-65.870770,0.000000,0.000000,2,0.000000,0.006667
16,8,-19.576020,-65.860770,0.000001,0.000001,2,0.000001,0.063667
16,9,-19.576020,-65.850770,0.000000,0.000001,5,0.000001,0.072000
16,10,-19.576020,-65.840770,0.000001,0.000001,7,0.000001,0.071333
16,11,-19.576020,-65.830770,0.000002,0.000011,15,0.000010,0.686667
16,12,-19.576020,-65.820770,0.000004,0.000011,16,0.000010,0.688333
16,13,-19.576020,-65.810770,0.000004,0.000020,52,0.000011,0.733333
16,14,-19.576020,-65.800770,0.000007,0.000020,56,0.000020,1.333333
16,15,-19.576020,-65.790770,0.000022,0.000111,62,0.000110,7.333333
16,16,-19.576020,-65.780770,0.000031,0.000201,64,0.000110,7.333333
16,17,-19.576020,-65.770770,0.000033,0.000210,59,0.000210,14.000000
16,18,-19.576020,-65.760770,0.000033,0.000210,59,0.000210,14.006667
16,19,-19.576020,-65.750770,0.000040,0.000301,57,0.000301,20.066668
16,20,-19.576020,-65.740770,0.000045,0.000301,53,0.000301,20.066668
16,21,-19.576020,-65.730770,0.000046,0.000310,52,0.000310,20.666668
16,22,-19.576020,-65.720770,0.000051,0.000310,44,0.000310,20.666668
16,23,-19.576020,-65.710770,0.000073,0.000310,27,0.000310,20.666668
16,24,-19.576020,-65.700770,0.000084,0.000310,22,0.000310,20.666668
16,25,-19.576020,-65.690770,0.000073,0.000310,20,0.000310,20.666668
16,26,-19.576020,-65.680770,0.000080,0.000310,18,0.000310,20.666668
16,27,-19.576020,-65.670770,0.000057,0.000220,18,0.000220,14.666667
16,28,-19.576020,-65.660770,0.000033,0.000120,15,0.000120,8.000001
16,29,-19.576020,-65.650770,0.000007,0.000030,16,0.000023,1.550000
16,30,-19.576020,-65.640770,0.000003,0.000010,12,0.000010,0.666667
16,31,-19.576020,-65.630770,0.000004,0.000010,11,0.000010,0.666667
16,32,-19.576020,-65.620770,0.000004,0.000010,10,0.000010,0.666667
17,7,-19.586020,-65.870770,0.000001,0.000002,7,0.000002,0.115333
17,8,-19.586020,-65.860770,0.000001,0.000002,9,0.000002,0.133333
17,9,-19.586020,-65.850770,0.000001,0.000002,11,0.000002,0.133333
17,10,-19.586020,-65.840770,0.000003,0.000011,14,0.000011,0.735667
17,11,-19.586020,-65.830770,0.000002,0.000011,21,0.000011,0.740000
17,12,-19.586020,-65.820770,0.000005,0.000021,21,0.000012,0.800000
17,13,-19.586020,-65.810770,0.000005,0.000021,54,0.000015,1.009999
17,14,-19.586020,-65.800770,0.000020,0.000111,62,0.000110,7.333333
17,15,-19.586020,-65.790770,0.000033,0.000111,66,0.000111,7.400000
17,16,-19.586020,-65.780770,0.000031,0.000200,65,0.000120,8.000000
17,17,-19.586020,-65.770770,0.000032,0.000201,63,0.000120,8.000000
17,18,-19.586020,-65.760770,0.000032,0.000301,62,0.000211,14.066668
17,19,-19.586020,-65.750770,0.000026,0.000220,66,0.000220,14.666667
17,20,-19.586020,-65.740770,0.000020,0.000220,67,0.000121,8.066668
17,21,-19.586020,-65.730770,0.000020,0.000211,62,0.000121,8.066668
17,22,-19.586020,-65.720770,0.000019,0.000211,52,0.000121,8.066668
17,23,-19.586020,-65.710770,0.000029,0.000121,27,0.000121,8.066668
17,24,-19.586020,-65.700770,0.000029,0.000121,24,0.000121,8.066668
17,25,-19.586020,-65.690770,0.000036,0.000112,17,0.000112,7.466667
17,26,-19.586020,-65.680770,0.000081,0.001020,18,0.000256,17.056646
17,27,-19.586020,-65.670770,0.000029,0.000110,17,0.000110,7.333333
17,28,-19.586020,-65.660770,0.000003,0.000010,16,0.000010,0.666667
17,29,-19.586020,-65.650770,0.000004,0.000010,15,0.000010,0.666667
17,30,-19.586020,-65.640770,0.000002,0.000010,13,0.000010,0.666667
17,31,-19.586020,-65.630770,0.000002,0.000010,11,0.000010,0.666667
17,32,-19.586020,-65.620770,0.000000,0.000001,11,0.000001,0.066667
18,7,-19.596020,-65.870770,0.000003,0.000011,8,0.000011,0.712333
18,8,-19.596020,-65.860770,0.000004,0.000011,11,0.000011,0.733333
18,9,-19.596020,-65.850770,0.000004,0.000011,14,0.000011,0.735667
18,10,-19.596020,-65.840770,0.000005,0.000021,16,0.000020,1.350667
18,11,-19.596020,-65.830770,0.000005,0.000021,23,0.000021,1.400607
18,12,-19.596020,-65.820770,0.000008,0.000030,23,0.000021,1.400667
18,13,-19.596020,-65.810770,0.000007,0.000030,54,0.000030,2.000667
18,14,-19.596020,-65.800770,0.000010,0.000030,66,0.000030,2.000667
18,15,-19.596020,-65.790770,0.000024,0.000120,66,0.000110,7.333333
18,16,-19.596020,-65.780770,0.000036,0.000200,66,0.000120,8.000000
18,17,-19.596020,-65.770770,0.000034,0.000210,66,0.000181,12.050001
18,18,-19.596020,-65.760770,0.000027,0.000211,62,0.000121,8.066668
18,19,-19.596020,-65.750770,0.000020,0.000130,66,0.000130,8.666667
18,20,-19.596020,-65.740770,0.000017,0.000220,66,0.000120,8.000001
18,21,-19.596020,-65.730770,0.000016,0.000211,63,0.000120,8.000001
18,22,-19.596020,-65.720770,0.000014,0.000120,52,0.000115,7.670001
18,23,-19.596020,-65.710770,0.000021,0.000120,30,0.000111,7.400000
18,24,-19.596020,-65.700770,0.000021,0.000120,28,0.000110,7.333333
18,25,-19.596020,-65.690770,0.000023,0.000110,20,0.000110,7.333333
18,26,-19.596020,-65.680770,0.000029,0.000101,15,0.000101,6.733334
18,27,-19.596020,-65.670770,0.000026,0.000101,16,0.000101,6.733334
18,28,-19.596020,-65.660770,0.000000,0.000001,14,0.000001,0.069000
18,29,-19.596020,-65.650770,0.000000,0.000001,15,0.000001,0.066667
18,30,-19.596020,-65.640770,0.000000,0.000000,8,0.000000,0.004567
18,31,-19.596020,-65.630770,0.000000,0.000000,3,0.000000,0.006067
18,32,-19.596020,-65.620770,0.000000,0.000000,3,0.000000,0.000667
19,6,-19.606020,-65.880770,0.000000,0.000001,5,0.000001,0.054667
19,7,-19.606020,-65.870770,0.000004,0.000012,12,0.000012,0.767000
19,8,-19.606020,-65.860770,0.000007,0.000021,12,0.000021,1.400000
19,9,-19.606020,-65.850770,0.000005,0.000021,18,0.000021,1.400000
19,10,-19.606020,-65.840770,0.000005,0.000021,21,0.000021,1.400667
19,11,-19.606020,-65.830770,0.000005,0.000021,27,0.000021,1.404867
19,12,-19.606020,-65.820770,0.000008,0.000030,27,0.000030,2.004667
19,13,-19.606020,-65.810770,0.000006,0.000030,47,0.000030,2.000667
19,14,-19.606020,-65.800770,0.000008,0.000030,65,0.000030,2.005467
19,15,-19.606020,-65.790770,0.000021,0.000111,66,0.000108,7.216667
19,16,-19.606020,-65.780770,0.000029,0.000210,66,0.000115,7.666667
19,17,-19.606020,-65.770770,0.000025,0.000120,63,0.000120,8.000000
19,18,-19.606020,-65.760770,0.000023,0.000210,62,0.000101,6.740000
19,19,-19.606020,-65.750770,0.000018,0.000112,55,0.000105,7.000000
19,20,-19.606020,-65.740770,0.000012,0.000102,56,0.000102,6.800000
19,21,-19.606020,-65.730770,0.000009,0.000111,57,0.000039,2.600005
19,22,-19.606020,-65.720770,0.000007,0.000111,52,0.000020,1.363333
19,23,-19.606020,-65.710770,0.000002,0.000021,32,0.000015,1.003333
19,24,-19.606020,-65.700770,0.000002,0.000020,31,0.000011,0.733333
19,25,-19.606020,-65.690770,0.000001,0.000002,19,0.000002,0.133333
19,26,-19.606020,-65.680770,0.000000,0.000001,14,0.000001,0.066667
19,27,-19.606020,-65.670770,0.000000,0.000000,10,0.000000,0.006667
19,28,-19.606020,-65.660770,0.000000,0.000000,5,0.000000,0.006667
19,29,-19.606020,-65.650770,0.000000,0.000000,7,0.000000,0.004867
19,30,-19.606020,-65.640770,0.000000,0.000000,3,0.000000,0.000667
19,31,-19.606020,-65.630770,0.000000,0.000000,3,0.000000,0.000667
19,32,-19.606020,-65.620770,0.000000,0.000000,2,0.000000,0.000667
20,5,-19.616020,-65.890770,0.000000,0.000001,5,0.000001,0.066667
20,6,-19.616020,-65.880770,0.000001,0.000001,5,0.000001,0.066667
20,7,-19.616020,-65.870770,0.000007,0.000021,12,0.000021,1.400000
20,8,-19.616020,-65.860770,0.000008,0.000021,12,0.000021,1.400000
20,9,-19.616020,-65.850770,0.000008,0.000030,18,0.000030,2.000000
20,10,-19.616020,-65.840770,0.000009,0.000030,20,0.000030,2.006667
20,11,-19.616020,-65.830770,0.000007,0.000030,28,0.000030,2.004567
20,12,-19.616020,-65.820770,0.000008,0.000030,27,0.000030,2.004867
20,13,-19.616020,-65.810770,0.000005,0.000030,51,0.000030,2.006667
20,14,-19.616020,-65.800770,0.000008,0.000030,57,0.000023,1.525334
20,15,-19.616020,-65.790770,0.000008,0.000030,64,0.000021,1.406667
20,16,-19.616020,-65.780770,0.000018,0.000111,64,0.000100,6.666667
20,17,-19.616020,-65.770770,0.000023,0.000210,57,0.000104,6.933334
20,18,-19.616020,-65.760770,0.000021,0.000120,52,0.000100,6.666667
20,19,-19.616020,-65.750770,0.000012,0.000121,52,0.000100,6.666667
20,20,-19.616020,-65.740770,0.000011,0.000100,41,0.000100,6.666667
20,21,-19.616020,-65.730770,0.000006,0.000100,39,0.000021,1.412667
20,22,-19.616020,-65.720770,0.000002,0.000021,36,0.000014,0.950000
20,23,-19.616020,-65.710770,0.000001,0.000010,26,0.000003,0.200500
20,24,-19.616020,-65.700770,0.000000,0.000003,24,0.000002,0.140000
20,25,-19.616020,-65.690770,0.000000,0.000001,14,0.000001,0.069433
20,26,-19.616020,-65.680770,0.000000,0.000001,11,0.000001,0.070333
20,27,-19.616020,-65.670770,0.000000,0.000001,6,0.000001,0.052167
20,28,-19.616020,-65.660770,0.000000,0.000001,6,0.000001,0.051667
20,29,-19.616020,-65.650770,0.000000,0.000000,7,0.000000,0.004867
20,30,-19.616020,-65.640770,0.000000,0.000000,5,0.000000,0.000667
20,31,-19.616020,-65.630770,0.000000,0.000000,4,0.000000,0.000667
20,32,-19.616020,-65.620770,0.000000,0.000000,3,0.000000,0.000667
21,5,-19.626020,-65.890770,0.000000,0.000001,9,0.000001,0.066667
21,6,-19.626020,-65.880770,0.000000,0.000001,10,0.000001,0.066667
21,7,-19.626020,-65.870770,0.000006,0.000021,14,0.000021,1.400000
21,8,-19.626020,-65.860770,0.000009,0.000030,14,0.000024,1.610000
21,9,-19.626020,-65.850770,0.000009,0.000030,18,0.000030,2.000000
21,10,-19.626020,-65.840770,0.000007,0.000030,23,0.000030,2.006067
21,11,-19.626020,-65.830770,0.000007,0.000030,26,0.000030,2.006667
21,12,-19.626020,-65.820770,0.000007,0.000030,27,0.000027,1.826666
21,13,-19.626020,-65.810770,0.000005,0.000030,40,0.000022,1.436666
21,14,-19.626020,-65.800770,0.000005,0.000030,49,0.000021,1.404000
21,15,-19.626020,-65.790770,0.000005,0.000030,53,0.000021,1.400000
21,16,-19.626020,-65.780770,0.000007,0.000030,52,0.000030,2.000000
21,17,-19.626020,-65.770770,0.000009,0.000120,51,0.000030,2.000000
21,18,-19.626020,-65.760770,0.000009,0.000120,47,0.000030,2.006667
21,19,-19.626020,-65.750770,0.000007,0.000120,47,0.000030,2.006667
21,20,-19.626020,-65.740770,0.000005,0.000030,39,0.000021,1.412667
21,21,-19.626020,-65.730770,0.000003,0.000022,38,0.000022,1.466667
21,22,-19.626020,-65.720770,0.000003,0.000022,33,0.000021,1.406667
21,23,-19.626020,-65.710770,0.000002,0.000012,23,0.000011,0.740000
21,24,-19.626020,-65.700770,0.000001,0.000003,18,0.000003,0.201000
21,25,-19.626020,-65.690770,0.000001,0.000003,15,0.000003,0.202000
21,26,-19.626020,-65.680770,0.000001,0.000002,12,0.000002,0.107000
21,27,-19.626020,-65.670770,0.000000,0.000001,10,0.000001,0.040333
21,28,-19.626020,-65.660770,0.000000,0.000001,8,0.000001,0.045667
21,29,-19.626020,-65.650770,0.000000,0.000000,6,0.000000,0.006667
21,30,-19.626020,-65.640770,0.000000,0.000000,2,0.000000,0.000637
21,31,-19.626020,-65.630770,0.000000,0.000000,2,0.000000,0.000637
21,32,-19.626020,-65.620770,0.000000,0.000000,2,0.000000,0.000637
22,5,-19.636020,-65.890770,0.000001,0.000010,10,0.000006,0.396667
22,6,-19.636020,-65.880770,0.000003,0.000010,10,0.000010,0.666667
22,7,-19.636020,-65.870770,0.000006,0.000021,14,0.000015,1.010000
22,8,-19.636020,-65.860770,0.000008,0.000030,14,0.000030,2.000000
22,9,-19.636020,-65.850770,0.000006,0.000030,18,0.000030,2.000000
22,10,-19.636020,-65.840770,0.000006,0.000030,22,0.000030,2.006367
22,11,-19.636020,-65.830770,0.000005,0.000030,25,0.000028,1.886666
22,12,-19.636020,-65.820770,0.000005,0.000030,28,0.000027,1.796667
22,13,-19.636020,-65.810770,0.000003,0.000030,40,0.000021,1.400333
22,14,-19.636020,-65.800770,0.000005,0.000030,39,0.000021,1.406667
22,15,-19.636020,-65.790770,0.000005,0.000030,41,0.000021,1.406667
22,16,-19.636020,-65.780770,0.000006,0.000030,41,0.000021,1.400000
22,17,-19.636020,-65.770770,0.000007,0.000030,37,0.000030,2.000000
22,18,-19.636020,-65.760770,0.000008,0.000030,34,0.000030,2.000667
22,19,-19.636020,-65.750770,0.000010,0.000120,31,0.000030,2.006667
22,20,-19.636020,-65.740770,0.000006,0.000030,30,0.000030,2.006667
22,21,-19.636020,-65.730770,0.000004,0.000031,30,0.000022,1.466667
22,22,-19.636020,-65.720770,0.000003,0.000022,27,0.000022,1.466667
22,23,-19.636020,-65.710770,0.000003,0.000022,20,0.000013,0.839666
22,24,-19.636020,-65.700770,0.000002,0.000022,19,0.000013,0.866667
22,25,-19.636020,-65.690770,0.000001,0.000012,16,0.000005,0.351667
22,26,-19.636020,-65.680770,0.000001,0.000003,11,0.000003,0.170000
22,27,-19.636020,-65.670770,0.000000,0.000001,9,0.000001,0.070667
22,28,-19.636020,-65.660770,0.000000,0.000001,6,0.000001,0.067167
22,29,-19.636020,-65.650770,0.000000,0.000001,7,0.000001,0.067133
22,30,-19.636020,-65.640770,0.000000,0.000000,4,0.000000,0.000667
22,31,-19.636020,-65.630770,0.000000,0.000000,4,0.000000,0.000667
22,32,-19.636020,-65.620770,0.000000,0.000000,2,0.000000,0.000637
23,5,-19.646020,-65.890770,0.000002,0.000010,10,0.000006,0.396667
23,6,-19.646020,-65.880770,0.000002,0.000010,11,0.000010,0.666667
23,7,-19.646020,-65.870770,0.000004,0.000012,17,0.000012,0.800000
23,8,-19.646020,-65.860770,0.000004,0.000021,19,0.000020,1.346000
23,9,-19.646020,-65.850770,0.000005,0.000030,20,0.000021,1.429999
23,10,-19.646020,-65.840770,0.000004,0.000030,25,0.000021,1.405467
23,11,-19.646020,-65.830770,0.000004,0.000030,26,0.000028,1.856667
23,12,-19.646020,-65.820770,0.000004,0.000030,29,0.000021,1.404000
23,13,-19.646020,-65.810770,0.000003,0.000030,33,0.000016,1.040000
23,14,-19.646020,-65.800770,0.000003,0.000030,33,0.000016,1.044000
23,15,-19.646020,-65.790770,0.000003,0.000030,38,0.000022,1.438999
23,16,-19.646020,-65.780770,0.000005,0.000030,39,0.000021,1.400000
23,17,-19.646020,-65.770770,0.000006,0.000030,35,0.000024,1.580000
23,18,-19.646020,-65.760770,0.000007,0.000030,34,0.000030,2.000667
23,19,-19.646020,-65.750770,0.000007,0.000030,30,0.000030,2.000667
23,20,-19.646020,-65.740770,0.000007,0.000030,27,0.000030,2.004867
23,21,-19.646020,-65.730770,0.000005,0.000030,28,0.000030,2.006667
23,22,-19.646020,-65.720770,0.000005,0.000031,25,0.000022,1.466667
23,23,-19.646020,-65.710770,0.000004,0.000022,19,0.000022,1.466667
23,24,-19.646020,-65.700770,0.000004,0.000022,16,0.000022,1.466667
23,25,-19.646020,-65.690770,0.000002,0.000021,14,0.000009,0.626666
23,26,-19.646020,-65.680770,0.000001,0.000003,12,0.000003,0.203000
23,27,-19.646020,-65.670770,0.000000,0.000001,10,0.000001,0.080000
23,28,-19.646020,-65.660770,0.000000,0.000001,8,0.000001,0.077667
23,29,-19.646020,-65.650770,0.000000,0.000001,7,0.000001,0.067133
23,30,-19.646020,-65.640770,0.000000,0.000000,4,0.000000,0.005767
23,31,-19.646020,-65.630770,0.000000,0.000000,4,0.000000,0.005767
23,32,-19.646020,-65.620770,0.000000,0.000000,2,0.000000,0.006367
24,5,-19.656020,-65.890770,0.000001,0.000001,11,0.000001,0.066667
24,6,-19.656020,-65.880770,0.000002,0.000010,11,0.000006,0.366667
24,7,-19.656020,-65.870770,0.000003,0.000021,18,0.000013,0.839000
24,8,-19.656020,-65.860770,0.000004,0.000021,19,0.000020,1.346000
24,9,-19.656020,-65.850770,0.000004,0.000030,21,0.000020,1.340000
24,10,-19.656020,-65.840770,0.000002,0.000021,23,0.000011,0.746666
24,11,-19.656020,-65.830770,0.000002,0.000021,27,0.000009,0.624866
24,12,-19.656020,-65.820770,0.000002,0.000012,28,0.000012,0.800000
24,13,-19.656020,-65.810770,0.000003,0.000030,33,0.000016,1.044000
24,14,-19.656020,-65.800770,0.000003,0.000030,33,0.000019,1.240000
24,15,-19.656020,-65.790770,0.000002,0.000030,35,0.000015,0.980000
24,16,-19.656020,-65.780770,0.000005,0.000030,36,0.000021,1.400000
24,17,-19.656020,-65.770770,0.000005,0.000021,35,0.000021,1.400000
24,18,-19.656020,-65.760770,0.000008,0.000030,29,0.000030,2.000667
24,19,-19.656020,-65.750770,0.000007,0.000030,27,0.000030,2.000667
24,20,-19.656020,-65.740770,0.000007,0.000030,27,0.000030,2.004867
24,21,-19.656020,-65.730770,0.000006,0.000030,27,0.000030,2.006667
24,22,-19.656020,-65.720770,0.000004,0.000030,26,0.000021,1.406667
24,23,-19.656020,-65.710770,0.000005,0.000031,18,0.000023,1.556666
24,24,-19.656020,-65.700770,0.000003,0.000022,18,0.000022,1.466667
24,25,-19.656020,-65.690770,0.000001,0.000004,15,0.000004,0.266667
24,26,-19.656020,-65.680770,0.000001,0.000004,14,0.000003,0.223333
24,27,-19.656020,-65.670770,0.000001,0.000003,12,0.000003,0.170667
24,28,-19.656020,-65.660770,0.000001,0.000002,9,0.000002,0.113333
24,29,-19.656020,-65.650770,0.000001,0.000002,5,0.000002,0.126667
24,30,-19.656020,-65.640770,0.000000,0.000000,6,0.000000,0.006667
24,31,-19.656020,-65.630770,0.000000,0.000000,4,0.000000,0.006667
24,32,-19.656020,-65.620770,0.000000,0.000000,3,0.000000,0.006067
25,5,-19.666020,-65.890770,0.000001,0.000001,14,0.000001,0.066667
25,6,-19.666020,-65.880770,0.000001,0.000010,14,0.000004,0.276666
25,7,-19.666020,-65.870770,0.000002,0.000012,19,0.000011,0.746000
25,8,-19.666020,-65.860770,0.000003,0.000021,21,0.000012,0.800000
25,9,-19.666020,-65.850770,0.000002,0.000021,23,0.000012,0.794000
25,10,-19.666020,-65.840770,0.000002,0.000021,24,0.000011,0.716667
25,11,-19.666020,-65.830770,0.000001,0.000003,29,0.000003,0.206667
25,12,-19.666020,-65.820770,0.000001,0.000012,32,0.000003,0.206667
25,13,-19.666020,-65.810770,0.000002,0.000021,35,0.000015,0.984666
25,14,-19.666020,-65.800770,0.000002,0.000030,35,0.000015,0.980000
25,15,-19.666020,-65.790770,0.000002,0.000030,35,0.000012,0.800000
25,16,-19.666020,-65.780770,0.000004,0.000021,34,0.000021,1.400000
25,17,-19.666020,-65.770770,0.000005,0.000021,30,0.000021,1.400000
25,18,-19.666020,-65.760770,0.000006,0.000030,29,0.000026,1.760400
25,19,-19.666020,-65.750770,0.000006,0.000030,29,0.000030,2.000400
25,20,-19.666020,-65.740770,0.000006,0.000030,29,0.000030,2.000667
25,21,-19.666020,-65.730770,0.000005,0.000030,28,0.000030,2.004567
25,22,-19.666020,-65.720770,0.000006,0.000031,24,0.000030,2.006667
25,23,-19.666020,-65.710770,0.000005,0.000031,18,0.000023,1.505666
25,24,-19.666020,-65.700770,0.000003,0.000022,19,0.000021,1.412667
25,25,-19.666020,-65.690770,0.000002,0.000013,15,0.000007,0.446667
25,26,-19.666020,-65.680770,0.000001,0.000004,13,0.000003,0.230667
25,27,-19.666020,-65.670770,0.000001,0.000004,11,0.000004,0.236667
25,28,-19.666020,-65.660770,0.000001,0.000002,8,0.000002,0.140000
25,29,-19.666020,-65.650770,0.000001,0.000002,6,0.000002,0.125000
25,30,-19.666020,-65.640770,0.000000,0.000000,6,0.000000,0.006667
25,31,-19.666020,-65.630770,0.000000,0.000000,4,0.000000,0.006667
25,32,-19.666020,-65.620770,0.000000,0.000000,4,0.000000,0.006667
26,5,-19.676020,-65.890770,0.000000,0.000001,14,0.000001,0.066667
26,6,-19.676020,-65.880770,0.000001,0.000001,14,0.000001,0.066667
26,7,-19.676020,-65.870770,0.000002,0.000012,16,0.000005,0.350000
26,8,-19.676020,-65.860770,0.000001,0.000012,20,0.000003,0.230000
26,9,-19.676020,-65.850770,0.000002,0.000012,19,0.000012,0.800000
26,10,-19.676020,-65.840770,0.000001,0.000012,23,0.000003,0.206667
26,11,-19.676020,-65.830770,0.000001,0.000003,26,0.000003,0.205000
26,12,-19.676020,-65.820770,0.000001,0.000012,28,0.000003,0.206667
26,13,-19.676020,-65.810770,0.000002,0.000021,29,0.000008,0.562667
26,14,-19.676020,-65.800770,0.000001,0.000021,31,0.000003,0.206667
26,15,-19.676020,-65.790770,0.000002,0.000030,32,0.000007,0.473666
26,16,-19.676020,-65.780770,0.000003,0.000020,32,0.000016,1.043666
26,17,-19.676020,-65.770770,0.000004,0.000021,26,0.000021,1.400000
26,18,-19.676020,-65.760770,0.000006,0.000030,29,0.000021,1.400400
26,19,-19.676020,-65.750770,0.000006,0.000030,31,0.000025,1.700000
26,20,-19.676020,-65.740770,0.000006,0.000030,28,0.000030,2.000667
26,21,-19.676020,-65.730770,0.000007,0.000030,26,0.000030,2.006667
26,22,-19.676020,-65.720770,0.000006,0.000030,23,0.000030,2.006667
26,23,-19.676020,-65.710770,0.000005,0.000030,18,0.000022,1.496666
26,24,-19.676020,-65.700770,0.000003,0.000022,19,0.000021,1.412667
26,25,-19.676020,-65.690770,0.000003,0.000021,15,0.000015,1.028667
26,26,-19.676020,-65.680770,0.000001,0.000004,15,0.000004,0.266667
26,27,-19.676020,-65.670770,0.000001,0.000004,14,0.000004,0.266667
26,28,-19.676020,-65.660770,0.000001,0.000002,10,0.000002,0.140000
26,29,-19.676020,-65.650770,0.000001,0.000001,6,0.000001,0.073333
26,30,-19.676020,-65.640770,0.000000,0.000000,6,0.000000,0.006667
26,31,-19.676020,-65.630770,0.000000,0.000000,4,0.000000,0.006667
26,32,-19.676020,-65.620770,0.000000,0.000000,4,0.000000,0.006667
27,5,-19.686020,-65.890770,0.000000,0.000001,11,0.000001,0.066667
27,6,-19.686020,-65.880770,0.000001,0.000001,11,0.000001,0.066667
27,7,-19.686020,-65.870770,0.000002,0.000010,10,0.000006,0.396667
27,8,-19.686020,-65.860770,0.000001,0.000010,14,0.000004,0.276666
27,9,-19.686020,-65.850770,0.000001,0.000010,14,0.000004,0.276666
27,10,-19.686020,-65.840770,0.000000,0.000001,16,0.000001,0.067333
27,11,-19.686020,-65.830770,0.000000,0.000001,19,0.000001,0.073333
27,12,-19.686020,-65.820770,0.000000,0.000001,20,0.000001,0.073333
27,13,-19.686020,-65.810770,0.000001,0.000010,22,0.000010,0.636999
27,14,-19.686020,-65.800770,0.000001,0.000010,23,0.000001,0.072733
27,15,-19.686020,-65.790770,0.000000,0.000001,26,0.000001,0.067183
27,16,-19.686020,-65.780770,0.000001,0.000010,21,0.000010,0.666667
27,17,-19.686020,-65.770770,0.000002,0.000010,23,0.000010,0.666667
27,18,-19.686020,-65.760770,0.000002,0.000010,24,0.000010,0.667233
27,19,-19.686020,-65.750770,0.000002,0.000010,25,0.000010,0.666667
27,20,-19.686020,-65.740770,0.000003,0.000010,20,0.000010,0.667333
27,21,-19.686020,-65.730770,0.000003,0.000010,20,0.000010,0.667633
27,22,-19.686020,-65.720770,0.000002,0.000010,16,0.000010,0.668833
27,23,-19.686020,-65.710770,0.000002,0.000010,15,0.000010,0.673333
27,24,-19.686020,-65.700770,0.000001,0.000010,13,0.000005,0.313333
27,25,-19.686020,-65.690770,0.000000,0.000001,14,0.000001,0.073333
27,26,-19.686020,-65.680770,0.000000,0.000001,12,0.000001,0.073333
27,27,-19.686020,-65.670770,0.000000,0.000001,12,0.000001,0.073333
27,28,-19.686020,-65.660770,0.000000,0.000000,5,0.000000,0.006667
27,29,-19.686020,-65.650770,0.000000,0.000000,5,0.000000,0.006667
27,30,-19.686020,-65.640770,0.000000,0.000000,5,0.000000,0.006667
27,31,-19.686020,-65.630770,0.000000,0.000000,3,0.000000,0.006067
27,32,-19.686020,-65.620770,0.000000,0.000000,2,0.000000,0.000667
28,5,-19.696020,-65.890770,0.000000,0.000001,11,0.000001,0.066667
28,6,-19.696020,-65.880770,0.000000,0.000001,11,0.000001,0.066667
28,7,-19.696020,-65.870770,0.000000,0.000001,10,0.000001,0.066667
28,8,-19.696020,-65.860770,0.000000,0.000001,14,0.000001,0.066667
28,9,-19.696020,-65.850770,0.000000,0.000001,14,0.000001,0.066667
28,10,-19.696020,-65.840770,0.000001,0.000001,12,0.000001,0.066667
28,11,-19.696020,-65.830770,0.000000,0.000001,13,0.000001,0.066667
28,12,-19.696020,-65.820770,0.000000,0.000001,14,0.000001,0.066667
28,13,-19.696020,-65.810770,0.000001,0.000010,14,0.000004,0.276666
28,14,-19.696020,-65.800770,0.000000,0.000001,15,0.000001,0.066667
28,15,-19.696020,-65.790770,0.000001,0.000010,16,0.000003,0.216667
28,16,-19.696020,-65.780770,0.000001,0.000010,18,0.000002,0.156666
28,17,-19.696020,-65.770770,0.000002,0.000010,17,0.000010,0.666667
28,18,-19.696020,-65.760770,0.000002,0.000010,17,0.000010,0.666667
28,19,-19.696020,-65.750770,0.000002,0.000010,16,0.000010,0.666667
28,20,-19.696020,-65.740770,0.000004,0.000010,11,0.000010,0.666667
28,21,-19.696020,-65.730770,0.000005,0.000010,10,0.000010,0.666667
28,22,-19.696020,-65.720770,0.000004,0.000010,8,0.000010,0.666667
28,23,-19.696020,-65.710770,0.000002,0.000010,8,0.000007,0.456667
28,24,-19.696020,-65.700770,0.000001,0.000001,8,0.000001,0.066667
28,25,-19.696020,-65.690770,0.000001,0.000001,7,0.000001,0.066667
28,26,-19.696020,-65.680770,0.000001,0.000001,5,0.000001,0.066667
28,27,-19.696020,-65.670770,0.000001,0.000001,5,0.000001,0.066667
